title,year,cast,director,genre,description,video,image,category
13 Reasons Why,2017,"Dylan Minnette, Alisha Boe, Katherine Langford, Justin Prentice, Christian Navarro",Thomas Joseph McCarthy,mystery ,"Newcomer Katherine Langford plays the role of Hannah, a young woman who takes her own life. Two weeks after her tragic death, a classmate named Clay finds a mysterious box on his porch. Inside the box are recordings made by Hannah --- on whom Clay had a crush --- in which she explains the 13 reasons why she chose to commit suicide. If Clay decides to listen to the recordings, he will find out if and how he made the list. This intricate and heart-wrenching tale is told through Clay and Hannah's dual narratives.",https://youtu.be/QkT-HIMSrRk,/images/posters/13 Reasons Why.jpg,series
18 Again,2020,"Kim Ha Neul, Yoon Sang Hyun, Lee Do Hyun",Ha Byung Hoon,romance ,A 37-year-old man on the verge of being divorced from his wife suddenly finds himself inside his 18-year-old body. He starts living a new life under a new name to get closer to his children and protect them.,https://www.youtube.com/watch?v=neLAy_Gpc-Y,/images/posters/18 Again.jpg,series
After Life,2019,"Ricky Gervais, Diane Morgan, David Earl, Mandeep Dhillon, Kerry Godliman",Ricky Gervais,comedy ,"Tony had a perfect life -- until his wife Lisa died. After that tragic event, the formerly nice guy changed. After contemplating taking his life, Tony decides he would rather live long enough to punish the world by saying and doing whatever he likes. He thinks of it as a superpower -- not caring about himself or anybody else -- but it ends up being trickier than he envisioned when his friends and family try to save the nice guy that they used to know. Golden Globe winner Ricky Gervais stars in the comedy series, which he also writes and directs.",https://youtu.be/tcrNsIaQkb4,/images/posters/After Life.jpg,series
Along for the Ride,2022,"Emma Pasarow, Andie MacDowell, Kate Bosworth, Belmont Cameli, Dermot Mulroney",Sofia Alvarez,romance ,"During the summer before college, Auden meets the mysterious Eli, a fellow insomniac. While the seaside town of Colby sleeps, the two embark on nightly quests to help Auden experience the fun, carefree life she never knew she wanted.",https://youtu.be/A1PTIxYrTVw,/images/posters/Along for the Ride.jpg,movie
American Gods,2017,"Ricky Whittle, Yetide Badaki, Ian McShane, Pablo Schreiber, Bruce Langley",David Slade,mystery ,"Ex-convict Shadow Moon roams a world he doesn't understand, left adrift by the recent, tragic death of his wife. Little does he know his life is about to change after he meets a crafty, charismatic con man named Mr. Wednesday, who offers Shadow a job as his bodyguard. As their journey begins, Shadow encounters a hidden America where magic is real and fear grows over the ascending power of New Gods like Technology and Media. In a grand plan to combat the threat, Mr. Wednesday attempts to unite the Old Gods to defend their existence and rebuild the influence that they've lost, leaving Shadow struggling to accept this new world and his place in it.",https://youtu.be/z6HLeNl8DOs,/images/posters/American Gods.png,series
Another,2012,"Atsushi Abe, Natsumi Takamori, Takurō Kitagawa, Naoko Sakakibara, Hitomi Harada",Tsutomu Mizushima,mystery ,"In 1972, Misaki, a popular student of Yomiyama North Middle School's class 3-3, suddenly died partway through the school year. Devastated by the loss, the students and teacher behaved like Misaki was still alive, leading to a strange presence on the graduation photo. In Spring 1998, Kōichi Sakakibara transfers into Yomiyama's class 3-3, where he meets Mei Misaki, a quiet student whom their classmates and teacher seemingly ignore. The class is soon caught up in a strange phenomenon, in which students and their relatives begin to die in often gruesome ways. Realizing that these deaths are related to the ""Misaki of 1972"", a yearly calamity that has struck most every class 3-3 since 1972, Kōichi and Mei seek to figure out how to stop it before it kills anymore of their classmates or them.",https://youtu.be/_U_57mzfjB4,/images/posters/Another.jpg,anime
Arrival,2016,"Amy Adams, Jeremy Renner, Forest Whitaker, Michael Stuhlbarg, Abigail Pniowsky",Denis Villeneuve,mystery,"Linguistics professor Louise Banks (Amy Adams) leads an elite team of investigators when gigantic spaceships touch down in 12 locations around the world. As nations teeter on the verge of global war, Banks and her crew must race against time to find a way to communicate with the extraterrestrial visitors. Hoping to unravel the mystery, she takes a chance that could threaten her life and quite possibly all of mankind.",https://youtu.be/tFMo3UJ4B4g,/images/posters/Arrival.jpg,movie
Baywatch,2017,"Dwayne Johnson, Zac Efron, Kelly Rohrbach, Alexandra Daddario, David Hasselhoff",Christopher Lennertz,action,"When a dangerous crime wave hits the beach, the legendary Mitch Buchannon leads his elite squad of lifeguards on a mission to prove that you don't have to wear a badge to save the bay. Joined by a trio of hotshot recruits, including former Olympian Matt Brody, they ditch the surf and go deep under cover to take down a ruthless businesswoman whose devious plans threaten the future of the bay.",https://youtu.be/eyKOgnaf0BU,/images/posters/Baywatch.jpg,movie
Betterman,1999,"Kappei Yamaguchi, Kyōko Hikami, Chafurin, Junko Iwao, Houko Kuwashima",Yoshitomo Yonetani,horror ,"The year is 2006, a series of seemingly random terrorist attacks rock the globe. Dubbed ""Algernon"", normal people suffer psychotic breaks and begin murdering everyone around them - often in profoundly disturbing fashion. In the wake of traditional law enforcement's failure to turn up any link between these incidents, a private contractor known as Akamatsu Industries is brought in to explore if Algernon is a disease, an unknown terrorist group, or even more exotic possibilities.",https://youtu.be/rfPxw1_asHc,/images/posters/Betterman.jpg,anime
Black Clover,2017,"Nana Mizuki, Satoshi Hino, Gakuto Kajiwara, Christopher Sabat, Dallas Reid",Tatsuya Yoshihara,fantasy ,"The series focuses on Asta, a young orphan who is left to be raised in an orphanage alongside his fellow orphan, Yuno. While everyone is born with the ability to utilize mana in the form of magical power, Asta, with no magic however, instead focuses on physical strength.",https://youtu.be/bEiQ-sMBwfQ,/images/posters/Black Clover.jpg,anime
Black Lagoon,2006,"Daisuke Namikawa, Megumi Toyoguchi, Tsutomu Isobe, Hiroaki Hirata, Mami Koyama",Sunao Katabuchi,thriller ,"Black Lagoon was released on DVD by Geneon Entertainment from May 22, 2007 to September 18, 2007. Following a 2008 agreement regarding distribution rights, Funimation Entertainment also published the series in the same format on August 19, 2008. The company later released the anime on Blu-ray on November 17, 2015.",https://youtu.be/V0pN6Yhbbrc,/images/posters/Black Lagoon.jpg,anime
Black Summer,2019,"Jaime King, Christine Lee, Justin Chu Cary, Zoe Marlett, Kelsey Flower",John Hyams,horror ,"Set in the ""Z Nation"" universe, this series follows a crack team of special forces as it fights for hope in the darkest hours of the zombie apocalypse.",https://youtu.be/tQA1omPJN24,/images/posters/Black Summer.jpg,series
Black Widow,2021,"Scarlett Johansson, Florence Pugh, David Harbour, Rachel Weisz, Olga Kurylenko",Cate Shortland,action,"Natasha Romanoff, aka Black Widow, confronts the darker parts of her ledger when a dangerous conspiracy with ties to her past arises. Pursued by a force that will stop at nothing to bring her down, Natasha must deal with her history as a spy, and the broken relationships left in her wake long before she became an Avenger.",https://youtu.be/ybji16u608U,/images/posters/Black Widow.jpg,movie
Blood-C,2011,"Nana Mizuki, Kenji Nojima, Keiji Fujiwara, Masumi Asano, Atsushi Abe",Tsutomu Mizushima,mystery ,"Blood-C is set in an isolated rural town on the shore of Lake Suwa in Nagano Prefecture.[4] Saya Kisaragi is the shrine maiden of the Shinto shrine run by her father Tadayoshi, and is outwardly a friendly and clumsy high school girl—her circle of friends include neighbor and cafe owner Fumito Nanahara; school friends Yūka Amino, twins Nene and Nono Motoe, class president Itsuki Tomofusa, the taciturn Shinichirō Tokizane; and Saya's schoolroom teacher Kanako Tsutsutori.",https://youtu.be/UqpRUvLoUuM,/images/posters/Blood-C.jpg,anime
Blue Period,2021,"Hiromu Mineta, Hiromu Mineta, Mayu AOYAGI, Shinichiro Kamio, Shinichiro Kamio",Koji Masunari Katsuya Asano,drama ,"Yatora Yaguchi is a fairly popular student who excels in school, but often deals with inner emptiness and frustrations. One day he became fascinated by a painting at his high school's art club so deeply that it inspired him to try his hand at painting. Later, he was inspired by a friend, Ryuji ""Yuka"" Ayukawa, and subsequently joined the art club, becoming more deeply involved, and attempts to apply for the Tokyo University of the Arts as his choice of college.",https://youtu.be/IV0-SYn3YuM,/images/posters/Blue Period.jpg,anime
Brand New Cherry Flavor,2021,"Rosa Salazar, Catherine Keener, Eric Lange, Jeff Ward, Manny Jacinto",Lenore Zion,horror ,"A filmmaker heads to Hollywood in the early '90s to make her movie but tumbles down a hallucinatory rabbit hole of sex, magic, revenge, and kittens.",https://youtu.be/wOzM3c33TVg,/images/posters/Brand New Cherry Flavor.png,series
Brooklyn Nine-Nine,2013,"Andy Samberg, Stephanie Beatriz, Terry Crews, Melissa Fumero, Marc Evan Jackson",Dan Goor,comedy ,"Detective Jake Peralta, a talented and carefree cop with the best arrest record, has never had to follow the rules too closely or work very hard. That changes when Ray Holt, a man with a lot to prove, becomes the new commanding officer of Brooklyn's 99th precinct. As Holt reminds Peralta to respect the badge, an extremely competitive colleague - Detective Amy Santiago - starts to close in on the hotshot cop's arrest record. Other members of the precinct include Sgt Terry Jeffords, a devoted family man, Detective Charles Boyle, a hard worker who idolizes Jake, and Rosa Diaz, a sexy-yet-intimidating detective. Civilian office manager Gina Linetti is tasked with cleaning up everyone's mess, while somehow getting involved in everyone's business.",https://www.youtube.com/watch?v=sEOuJ4z5aTc,/images/posters/Brooklyn Nine-Nine.jpeg,series
Call,2020,"Jeon Jong-seo, Park Shin-hye, Lee El, Kim Sung-ryung, Lee Dong-hwi",Lee Chung-hyeon,thriller ,"Connected by phone in the same home but 20 years apart, a serial killer puts another woman's past -- and life -- on the line to change her own fate.",https://youtu.be/hxkKeniT-0Q,/images/posters/Call.jpg,movie
Castlevania,2017,"Alejandra Reynoso, Richard Armitage, James Callis, Graham McTavish, Theo James","Sam Deats, Adam Deats, Spencer Wan",action ,"Inspired by the popular video game series, this anime series is a dark medieval fantasy. It follows the last surviving member of the disgraced Belmont clan, Trevor Belmont, trying to save Eastern Europe from extinction at the hands of Vlad Dracula Tepes. As Dracula and his legion of vampires prepare to rid the world of humanity's stain, Belmont is no longer alone, and he and his misfit comrades race to find a way to save mankind from the grief-maddened Dracula.",https://youtu.be/iIMrFnl5NiA,/images/posters/Castlevania.jpg,anime
Choose or Die,2022,"Asa Butterfield, Robert Englund, Eddie Marsan, Angela Griffin, Joe Bolland",Toby Meakins,horror ,"A broke student who plays an obscure 1980s survival computer game in pursuit of an unclaimed $100,000 prize. After a series of unexpectedly terrifying moments, she soon realises she's no longer playing for the money, but for her own life.",https://youtu.be/7vUQYzZ_UZc,/images/posters/Choose or Die.png,movie
Classroom of the Elite,2017,"Akari Kitō, Shōya Chiba, Yurika Kubo, Taketatsu Ayana, Ichimichi Mao",Aoi Akashiro,romance ,A group of advanced students navigate high school.,https://www.youtube.com/watch?v=RTvdxGyWV6c,/images/posters/Classroom of the Elite.jpg,anime
Cobra Kai,2018,"Ralph Macchio, Jacob Bertrand, Peyton List, Martin Kove, William Zabka",Josh Heald,action ,"Thirty four years after events of the 1984 All Valley Karate Tournament, a down-and-out Johnny Lawrence seeks redemption by reopening the infamous Cobra Kai dojo, reigniting his rivalry with a now successful Daniel LaRusso.",https://www.youtube.com/watch?v=xCwwxNbtK6Y,/images/posters/Cobra Kai.jpg,series
CODA,2021,"Emilia Jones, Eugenio Derbez, Troy Kotsur, Marlee Matlin, Daniel Durant",Sian Heder,romance ,"Ruby is the only hearing member of a deaf family from Gloucester, Massachusetts. At 17, she works mornings before school to help her parents and brother keep their fishing business afloat. But in joining her high school's choir club, Ruby finds herself drawn to both her duet partner and her latent passion for singing.",https://youtu.be/0pmfrE1YL4I,/images/posters/CODA.jpg,movie
Code: Realize - Guardian of Rebirth,2017,"Daisuke Hirakawa, Saori Hayami, Tetsuya Kakihara, Tomoaki Maeno",Hideyo Yamamoto,romance ,"Cardia, a girl cursed with a toxic touch and labelled a monster, meets gentleman thief Arsène Lupin, who takes her on an adventure to discover the truth about her body and her missing memories.",https://youtu.be/95CH5YcXZl0,/images/posters/Code- Realize - Guardian of Rebirth.jpg,anime
Corpse Princess,2008,"Akiyama Nana, Fujiwara Keiji, Hasome Tatsuya, Hirata Yuka, Fujimura Chika",Shō Aikawa,horror ,"After being brutally murdered along with her family, Makina Hoshimura turns into a Shikabane Hime, a living corpse contracted to the Kougon Cult, in order to exert revenge on the mysterious undead organization responsible for her death. She is assisted in this task by Keisei Tagami, her contracted priest and former friend. This series follows the story of Keisei's younger brother Ouri, a boy with an unusual attraction to death, who slowly discovers his brother's secret and gets dragged into the world of the Shikabanes.",https://www.youtube.com/watch?v=_T1xoXhjhqU,/images/posters/Corpse Princess.jpg,anime
Deadman Wonderland,2011,"Greg Ayres, Romi Park, Kana Hanazawa, Terri Doty, Jamie Marchi","Jinsei Kataoka, Kazuma Kondou",thriller ,"Deadman Wonderland is a Japanese manga series written by Jinsei Kataoka and illustrated by Kazuma Kondou, who also wrote and illustrated the Eureka Seven manga, and published in Shōnen Ace since 2008.",https://youtu.be/T33wfvCxEG4,/images/posters/Deadman Wonderland.jpg,anime
Deadpool,2016,"Ryan Reynolds, Morena Baccarin, Gina Carano, Brianna Hildebrand, Ed Skrein",Tim Miller,comedy,"Wade Wilson (Ryan Reynolds) is a former Special Forces operative who now works as a mercenary. His world comes crashing down when evil scientist Ajax (Ed Skrein) tortures, disfigures and transforms him into Deadpool. The rogue experiment leaves Deadpool with accelerated healing powers and a twisted sense of humor. With help from mutant allies Colossus and Negasonic Teenage Warhead (Brianna Hildebrand), Deadpool uses his new skills to hunt down the man who nearly destroyed his life.",https://youtu.be/ONHBaC-pfsk,/images/posters/Deadpool.jpg,movie
Death Note,2006,"Alessandro Juliani, Brian Drummond, French Tickner, John Murphy, Shannon Chan-Kent",Shûsuke Kaneko,thriller ,"Death Note is a Japanese manga series written by Tsugumi Ohba and illustrated by Takeshi Obata. The story follows Light Yagami, a teen genius who discovers a mysterious notebook: the ""Death Note"", which belonged to the Shinigami Ryuk, and grants the user the supernatural ability to kill anyone whose name is written in its pages.",https://youtu.be/NlJZ-YgAt-c,/images/posters/Death Note.jpg,anime
Deep Water,2022,"Ana de Armas, Ben Affleck, Jacob Elordi, Rachel Blanchard, Finn Wittrock",Adrian Lyne,drama,A well-to-do husband who allows his wife to have affairs in order to avoid a divorce becomes a prime suspect in the disappearance of her lovers.,https://youtu.be/90JsrQwE5CA,/images/posters/Deep Water.jpg,movie
Demon Slayer: Kimetsu no Yaiba,2019,"Natsuki Hanae, Akari Kito, Hiro Shimono, Yoshitsugu Matsuoka, Takahiro Sakurai",Koyoharu Gotouge,action ,A youth begins a quest to fight demons and save his sister after finding his family slaughtered and his sister turned into a demon.,https://youtu.be/VQGCKyvzIM4,/images/posters/Demon Slayer- Kimetsu no Yaiba.jpg,anime
Despicable Me 3,2017,"Steve Carell, Pierre Coffin, Kristen Wiig, Trey Parker, Miranda Cosgrove","Pierre Coffin, Kyle Balda",comedy,"The mischievous Minions hope that Gru will return to a life of crime after the new boss of the Anti-Villain League fires him. Instead, Gru decides to remain retired and travel to Freedonia to meet his long-lost twin brother for the first time. The reunited siblings soon find themselves in an uneasy alliance to take down the elusive Balthazar Bratt, a former 1980s child star who seeks revenge against the world.",https://youtu.be/6DBi41reeF0,/images/posters/Despicable Me 3.jpg,movie
Dr. Brain,2021,"Lee Sun-kyun, Seo Ji-hye, Park Hee Soon, Lee Yoo-Young, Lee Jae-won",Kim Jee-woon,thriller ,"After brain scientist Sewon's family falls victim to a mysterious accident, he goes to great lengths to solve the mystery by conducting `brain syncs' with the dead to access their memories for clues.",https://youtu.be/ZK2nevD7cWA,/images/posters/Dr. Brain.jpg,series
Dunkirk,2017,"Harry Styles, Cillian Murphy, Fionn Whitehead, Tom Hardy, Jack Lowden",Christopher Nolan,drama,"In May 1940, Germany advanced into France, trapping Allied troops on the beaches of Dunkirk. Under air and ground cover from British and French forces, troops were slowly and methodically evacuated from the beach using every serviceable naval and civilian vessel that could be found. At the end of this heroic mission, 330,000 French, British, Belgian and Dutch soldiers were safely evacuated.",https://youtu.be/T7O7BtBnsG4,/images/posters/Dunkirk.jpg,movie
Elite,2018,"Ester Expósito, Itzan Escamilla, Miguel Bernardeau, Arón Piper, Manu Ríos",Carlos Montero; Darío Madrona,drama ,"When three working-class teens enroll in an exclusive private school in Spain, the clash between them and the wealthy students leads to murder.",https://youtu.be/QNwhAdrdwp0,/images/posters/Elite.jpg,series
Enola Holmes,2022,"Millie Bobby Brown, Louis Partridge, Henry Cavill, Helena Bonham Carter, David Thewlis",Harry Bradbeer,mystery,"While searching for her missing mother, intrepid teen Enola Holmes uses her sleuthing skills to outsmart big brother Sherlock and help a runaway lord.",https://youtu.be/1d0Zf9sXlHk,/images/posters/Enola Holmes.jpg,movie
Fairy Tail,2009,"Tetsuya Kakihara, Sayaka Ohara, Eri Kitamura, Aya Hirano, Rie Kugimiya, Satomi Satou, Yui Horie","Shinji, Ishihira",fantasy ,"In the enchanted Kingdom of Fiore, the lively Lucy Heartfilia has one wish: to join the renowned Fairy Tail—one of the many magical wizard guilds scattered around the continent. Luckily, a chance encounter with Natsu Dragneel, the ""Salamander"" of Fairy Tail, whisks her into the legendary guild.",https://www.youtube.com/watch?v=4KSN7mxhiYE,/images/posters/Fairy Tail.jpg,anime
Fear Street,2021,"Maya Hawke, Sadie Sink, Kiana Madeira, Julia Rehwald, Olivia Scott Welch",Leigh Janiak,horror ,"After a series of brutal slayings, a teen and her friends take on an evil force that's plagued their notorious town for centuries.",https://youtu.be/UyUuzCGblqc,/images/posters/Fear Street.jpg,movie
Flower of Evil,2020,"Lee Joon-gi, Moon Chae-won, Kim Ji-hoon, Jang Hee-jin, Jung Seo Yeon",Kim Cheol-kyu,romance ,"Baek Hee Sung changes his identity and hides his past from his detective wife, until she discovers he has secrets while investigating a series of unexplained murders.",https://youtu.be/FI1J7lbg07o,/images/posters/Flower of Evil.jpg,series
Forecasting Love and Weather,2022,"Song Kang, Park Min-young, Kim Yura, Yoon Park, Chae Seo-Eun",Cha Young-hoon,drama ,"Inside a national weather service, love proves just as difficult to predict as rain or shine for a diligent forecaster and her free-spirited co-worker.",https://youtu.be/B--OvWV3HFw,/images/posters/Forecasting Love and Weather.jpg,series
Ghost Doctor,2022,"Kim Bum, Bi Rain, Uee, Son Na-eun, Kim Jae Yong",Boo Seong-cheol,fantasy ,"Ghost Doctor is a 2022 South Korean television series directed by Boo Seong-cheol and starring Rain, Kim Bum, Uee and Son Na-eun. The series revolves around two doctors from extreme backgrounds and skills merging into one person.",https://youtu.be/ESImPk8H_pw,/images/posters/Ghost Doctor.jpg,series
Ghost in the Shell: Stand Alone Complex,2002,"Richard Epcar, William Frederick Knight, Mary Elizabeth McGlynn, Atsuko Tanaka, Peggy O'Neal",Kenji Kamiyama,thriller ,"In the future when technological enhancements and robotics are a way of life, Major Motoko Kusanagi and Section 9 take care of the jobs that are too difficult for the police. Section 9 employs hackers, sharpshooters, detectives and cyborgs all in an effort to thwart cyber criminals and their plans to attack the innocent.",https://youtu.be/Gf6YFrV7zes,/images/posters/Ghost in the Shell- Stand Alone Complex.jpg,anime
Ghost Stories,2000,"Hilary Haag, Monica Rial, Chris Patton, Greg Ayres, Christine Auten",Noriyuki Abe,horror ,"Ghost Stories follows Satsuki Miyanoshita, who moves with her family to the hometown of her deceased mother. On her first day of school, Satsuki, her brother Keiichirou (a first-grader), Hajime Aoyama (their neighbor), Momoko Koigakubo (an older schoolmate), and Leo Kakinoki (a classmate and friend of Hajime's with a penchant for the paranormal) visit the abandoned school building adjacent the current school complex and discover that the building is haunted.",https://youtu.be/jbXkfSG-rpg,/images/posters/Ghost Stories.jpg,anime
Gintama,2006,"Michael Daingerfield, Cole Howard, Jocelyne Loewen, Adam Gibbs, Joe Daniels",Shinji Takamatsu,comedy ,A samurai and his quirky band of friends take odd-jobs in an alternate version of feudal Japan that has been conquered by aliens.,https://youtu.be/GWeuZr6fT6o,/images/posters/Gintama.jpg,anime
Happiness,2021,"Park Hyung-Sik, Han Hyo-joo, Jo Woo-jin, Moon Ye-won, Lee Joo Seung",Ahn Gil-ho,fantasy ,Residents of an apartment building must band together to survive a deadly virus that is spreading throughout the city.,https://youtu.be/G2EiCIyY54I,/images/posters/Happiness.jpg,series
Hellbound,2021,"Yoo Ah-in, Kim Hyun-joo, Park Jung-min, Won Jin-ah, Kim Mi-soo",Choi Gyu-seok,mystery ,"Unearthly beings deliver condemnations, sending individuals to hell and giving rise to a religious group founded on the idea of divine justice.",https://youtu.be/UWfgm20-LTM,/images/posters/Hellbound.jpg,series
Higashi no Eden,2009,"Akira Takizawa, Kuroha Diana Shiratori, Saki Morimi, Satoshi Osugi, Yutaka Itazu",Kenji Kamiyama,romance ,"When Saki Morimi gets into trouble with the police in Washington D.C., she is helped by a Japanese man who calls himself, Akira Takizawa.",https://youtu.be/zfQ4e1iRoak,/images/posters/Higashi no Eden.jpg,anime
High School DxD,2012,"Yūki Kaji, Yōko Hikasa, Shizuka Itō, Azumi Asakura, Ayana Taketatsu",Takao Yoshioka,romance ,"High school student Issei is brought back from the dead after a tragic first date. His saviour, however, is a devil, and now he must serve her and her entire family.",https://www.youtube.com/watch?v=tYDDS0OzV_Q,/images/posters/High School DxD.jpg,anime
I'm Standing on a Million Lives,2020,"Yūto Uemura,  Risa Kubota, Azumi Waki, Makoto Koichi, Chiwa Saitō",Kumiko Habara,fantasy ,"Yuusuke Yotsuya, Iu Shindo, and Kusue Hakozaki were transported by a mysterious half-faced creature to do his play, asking them quests to complete the game within the duration. As bonus, they are almost set as immortals, respawning after they die, if at least one of them survives until the time limit expires.",https://youtu.be/reSDBibEHzc,/images/posters/I'm Standing on a Million Lives.jpg,anime
Immortality,2021,"Lee Jin-wook, Kwon Nara, Lee Joon, Gong Seung-yeon, Kim Woo Seok",He Shupei,fantasy ,An immortal man's life becomes intertwined with that of a woman who lives with a cycle of death and reincarnation.,N/A,/images/posters/Immortality.jpg,series
Inuyasha,2000,"Richard Ian Cox, Satsuki Yukino, Moneca Stori, Kappei Yamaguchi, Toshiyuki Morikawa","Masashi Ikeda, Yasunao Aoki",fantasy ,"InuYasha is the story of a dog half-demon who is constantly after a jewel of immense power, the Shikon jewel, also no as the Shikon no tama. He lives in the forest near the village where the jewel is protected by a priestess named Kikyo.",https://youtu.be/EllmLUr39qk,/images/posters/Inuyasha.jpg,anime
It's Okay to Not Be Okay,2020,"Seo Ye Ji, Kim Soo-hyun, Park Gyu-young, Oh Jung-se, Kwak Dong-yeon",Park Shin-woo,romance ,A road to emotional healing opens up for an antisocial children's book author and an employee in a psychiatric hospital.,https://youtu.be/89i-Fn2CqQg,/images/posters/It's Okay to Not Be Okay.jpg,series
Joker,2019,"Joaquin Phoenix, Robert De Niro, Zazie Beetz, Glenn Fleshler, Shea Whigham",Todd Phillips,drama,"Forever alone in a crowd, failed comedian Arthur Fleck seeks connection as he walks the streets of Gotham City. Arthur wears two masks -- the one he paints for his day job as a clown, and the guise he projects in a futile attempt to feel like he's part of the world around him. Isolated, bullied and disregarded by society, Fleck begins a slow descent into madness as he transforms into the criminal mastermind known as the Joker.",https://youtu.be/zAGVQLHvwOY,/images/posters/Joker.jpg,movie
Jumanji: The Next Level,2019,"Dwayne Johnson, Jack Black, Kevin Hart, Awkwafina, Danny DeVito",Jake Kasdan,fantasy,"When Spencer goes back into the fantastical world of Jumanji, pals Martha, Fridge and Bethany re-enter the game to bring him home. But the game is now broken -- and fighting back. Everything the friends know about Jumanji is about to change, as they soon discover there's more obstacles and more danger to overcome.",https://youtu.be/rBxcF-r9Ibs,/images/posters/Jumanji- The Next Level.jpg,movie
Kakegurui,2018,"Yumeko Jabami, Midari Ikishima, Kirari Momobami, Runa Yomozuki, Mary Saotome",Tsutomu Hanabusa,drama ,"Yumeko Jabami enrolls at Hyakkaou Private Academy, where students are ranked by their gambling winnings, and fame and fortune await those who rise to the top.",https://youtu.be/cTlHQiRNVl0,/images/posters/Kakegurui.jpg,anime
Kill la Kill,2013,"Erica Mendez, Carrie Keranen, Christine Marie Cabanos, Sarah Anne Williams, Steve Staley",Kazuki Nakashima,comedy ,"Student council president Satsuki Kiryuin and her underlings, dubbed the Elite Four, rule Honnouji Academy. They have the school under complete control thanks to their special outfits -- Goku Uniforms -- that give them superhuman abilities. When transfer student Ryuko Matoi, who is searching for her father's killer, comes to Hannouji, she challenges the Elite Four to a battle that quickly consumes the school. When Satsuki recognizes Ryuko's scissor-shaped sword, she wonders if their encounter is just a coincidence or if it's fate.",https://youtu.be/B98NY8Hfo7I,/images/posters/Kill la Kill.jpg,anime
Knives Out,2019,"Ana de Arma, Daniel Craig, Chris Evans, Joseph Gordon-Levitt, Jamie Lee Curtis",Rian Johnson,mystery,"The circumstances surrounding the death of crime novelist Harlan Thrombey are mysterious, but there's one thing that renowned Detective Benoit Blanc knows for sure -- everyone in the wildly dysfunctional Thrombey family is a suspect. Now, Blanc must sift through a web of lies and red herrings to uncover the truth.",https://youtu.be/qOg3AoRc4nI,/images/posters/Knives Out.jpg,movie
Kokoro Connect,2012,"Takahiro Mizushima, Miyuki Sawashiro, Hisako Kanemoto, Takuma Terashima, Aki Toyosaki",Shin Oonuma Shinya Kawatsura,comedy ,It centers around five high school students facing numerous supernatural phenomena that forces them to reveal secrets that will test their bonds with each other.,https://youtu.be/MnkqA_PRRhM,/images/posters/Kokoro Connect.jpg,anime
Komi Can't Communicate,2021,"Aoi Koga, Gakuto Kajiwara, Murakawa Rie, Yurika Moriyama, Omoharu Nakaka",Yoshihito Okashita,drama ,"Hitohito Tadano is an ordinary boy who heads into his first day of high school with a clear plan: to avoid trouble and do his best to blend in with others. Unfortunately, he fails right away when he takes the seat beside the school's madonna—Shouko Komi. His peers now recognize him as someone to eliminate for a chance to sit next to the most beautiful girl in class.",https://www.youtube.com/watch?v=tLdLTSnmnoA,/images/posters/Komi Can't Communicate.jpg,anime
LA LA LAND,2016,"Emma Stone, Ryan Gosling, J.K. Simmons, John Legend, Callie Hernandez",Damien Chazelle,drama,"Sebastian (Ryan Gosling) and Mia (Emma Stone) are drawn together by their common desire to do what they love. But as success mounts they are faced with decisions that begin to fray the fragile fabric of their love affair, and the dreams they worked so hard to maintain in each other threaten to rip them apart.",https://youtu.be/0pdqf4P9MB8,/images/posters/LA LA LAND.jpg,movie
Locke & Key,2020,"Emilia Jones, Connor Jessup, Darby Stanchfield, Hallea Jones, Jackson Robert Scott ",Ra'uf Glasgow; Kevin Lafferty,fantasy ,"Following their father's murder, three siblings move into a house filled with reality-bending keys; from the comics by Joe Hill and Gabriel Rodriguez.",https://youtu.be/_EonRi0yQOE,/images/posters/Locke & Key.jpg,series
Luca,2021,"Jack Dylan Grazer, Jacob Tremblay, Giacomo Gianniotti, Emma Berman, Maya Rudolph",Enrico Casarosa,fantasy,"Set in a beautiful seaside town on the Italian Riviera, the original animated feature is a coming-of-age story about one young boy experiencing an unforgettable summer filled with gelato, pasta and endless scooter rides. Luca shares these adventures with his newfound best friend, but all the fun is threatened by a deeply held secret: he is a sea monster from another world just below the water's surface.",https://youtu.be/mYfJxlgR2jw,/images/posters/Luca.jpg,movie
Lucifer,2016,"Tom Ellis, Lauren German, Kevin Alejandro, Lesley-Ann Brandt, D.B. Woodside",Richard Speight Jr,mystery ,"Based on characters created by Neil Gaiman, Sam Kieth and Mike Dringenberg, this series follows Lucifer, the original fallen angel, who has become dissatisfied with his life in hell. After abandoning his throne and retiring to Los Angeles, Lucifer indulges in his favorite things (women, wine and song) -- until a murder takes place outside of his upscale nightclub. For the first time in billions of years, the murder awakens something unfamiliar in Lucifer's soul that is eerily similar to compassion and sympathy. Lucifer is faced with another surprise when he meets an intriguing homicide detective named Chloe, who appears to possess an inherent goodness -- unlike the worst of humanity, to which he is accustomed. Suddenly, Lucifer starts to wonder if there is hope for his soul.",https://youtu.be/X4bF_quwNtw,/images/posters/Lucifer.jpg,series
Malignant,2021,"Annabelle Wallis, Mckenna Grace, Maddie Hasson, George Young, Jake Abel",James Wan,thriller ,"Paralyzed by fear from shocking visions, a woman's torment worsens as she discovers her waking dreams are terrifying realities.",https://youtu.be/Gczt0fhawDs,/images/posters/Malignant.jpg,movie
Manifest,2018,"Josh Dallas, Melissa Roxburgh, J.R. Ramirez, Jack Messina, Athena Karkanis",Paul Holahan,mystery ,"When Montego Air Flight 828 landed safely after a turbulent but routine flight, the crew and passengers were relieved. But in the span of those few hours, the world had aged five years -- and after mourning their loss, their friends, families and colleagues had given up hope and moved on. Now, faced with the impossible, they're all given a second chance. But as their new realities become clear, a deeper mystery unfolds, and some of the returned passengers soon realize they may be meant for something greater than they ever thought possible.",https://youtu.be/I1hNAIzkQWY,/images/posters/Manifest.jpg,series
Marianne,2019,"Victoire du Bois, Mireille Herbstmeyer, Lucie Boujenah, Tiphaine Daviot, Corinne Valancogne",Samuel Bodin,horror ,A famous horror writer who is lured back to her hometown discovers that the evil spirit who plagues her dreams is now wreaking havoc in the real world.,https://youtu.be/q99hib0zS2M,/images/posters/Marianne.jpg,series
Megalobox,2018,"Kaiji Tang, Greg Chun, Jason Marnocha, Erika Harlacher, Lex Lang",Yō Moriyama,drama ,"Junk Dog (JD), aka Joe, is a slumdog boxer who wants to make a name for himself as a legitimate boxer so he creates a fake persona in order to participate in the upcoming Megalonia Tournament, an international boxing competition for the best of the best.",https://youtu.be/gVxLZityaR0,/images/posters/Megalobox.jpg,anime
Midnight Mass,2021,"Kate Siegel, Hamish Linklater, Zach Gilford, Rahul Kohli, Samantha Sloyan",Mike Flanagan,horror ,"The arrival of a charismatic priest brings miracles, mysteries and renewed religious fervour to a dying town.",https://youtu.be/89UV8vmWXlY,/images/posters/Midnight Mass.jpg,series
Minions,2022,"Pierre Coffin, Steve Carell, Sandra Bullock, Chris Renaud, Jon Hamm",Kyle Balda,comedy,"In the 1970s, young Gru tries to join a group of supervillains called the Vicious 6 after they oust their leader -- the legendary fighter Wild Knuckles. When the interview turns disastrous, Gru and his Minions go on the run with the Vicious 6 hot on their tails. Luckily, he finds an unlikely source for guidance -- Wild Knuckles himself -- and soon discovers that even bad guys need a little help from their friends.",https://youtu.be/6DxjJzmYsXo,/images/posters/Minions.jpg,movie
Money Heist,2017,"Álvaro Morte, Úrsula Corberó, Pedro Alonso, Itziar Ituño, Jaime Lorente",Kim Hong-sun,thriller ,"A criminal mastermind who goes by ""The Professor"" has a plan to pull off the biggest heist in recorded history -- to print billions of euros in the Royal Mint of Spain. To help him carry out the ambitious plan, he recruits eight people with certain abilities and who have nothing to lose. The group of thieves take hostages to aid in their negotiations with the authorities, who strategize to come up with a way to capture The Professor. As more time elapses, the robbers prepare for a showdown with the police.",https://youtu.be/_InqQJRqGW4,/images/posters/Money Heist.jpg,series
Morbius,2022,"Jared Leto, Michael Keaton, Matt Smith, Adria Arjona, Tyrese Gibson",Daniel Espinosa,action,"Dangerously ill with a rare blood disorder and determined to save others from the same fate, Dr. Morbius attempts a desperate gamble. While at first it seems to be a radical success, a darkness inside of him is soon unleashed.",https://youtu.be/oZ6iiRrz1SY,/images/posters/Morbius.jpg,movie
Mr. Osomatsu,2015,"Takahiro Sakurai, Jun Fukuyama, Yuichi Nakamura, Hiroshi Kamiya, Miyu Irino",Osomatsu-san,comedy ,The everyday lives of identical sextuplets who cause mischief.,https://youtu.be/wg3HCKbQkhY,/images/posters/Mr. Osomatsu.jpg,anime
My Hero Academia,2016,"Justin Briner, Daiki Yamashita, Christopher Sabat, Clifford Chapin, Kenta Miyake",Kenji Nagasaki,action ,"The first season of the My Hero Academia anime series was produced by Bones and MBS and directed by Kenji Nagasaki. It adapts Kōhei Horikoshi's original manga series of the same name from the beginning of the 1st to shortly after the 3rd volume over 13 episodes, following the first adventures of Izuku Midoriya.",https://youtu.be/EPVkcwyLQQ8,/images/posters/My Hero Academia.jpg,anime
Nobody,2021,"Bob Odenkirk, Connie Nielsen, Christopher Lloyd, Michael Ironside, Colin Salmon",Ilya Naishuller,action,"Hutch Mansell fails to defend himself or his family when two thieves break into his suburban home one night. The aftermath of the incident soon strikes a match to his long-simmering rage. In a barrage of fists, gunfire and squealing tires, Hutch must now save his wife and son from a dangerous adversary -- and ensure that he will never be underestimated again.",https://youtu.be/wZti8QKBWPo,/images/posters/Nobody.jpg,movie
Old,2021,"M. Night Shyamalan, Thomasin McKenzie, Abbey Lee, Gael García Bernal, Alex Wolff",M. Night Shyamalan,thriller ,A thriller about a family on a tropical holiday who discover that the secluded beach where they are relaxing for a few hours is somehow causing them to age rapidly reducing their entire lives into a single day.,https://youtu.be/A4U2pMRV9_k,/images/posters/Old.jpg,movie
One Punch Man,2015,"Makoto Furukawa, Max Mittelman, Erik Scott Kimerer, Kaito Ishikawa, Zach Aguilar",Tomohiro Suzuki,action ,"Superheroes often have exciting superpowers that help them defeat the evil villains that they battle, but that's not necessarily the case for Saitama. Although he's a superhuman, his power isn't as exciting as X-ray vision or invincibility -- instead, he has the ability to defeat any opponent with a single punch, and this power has both pros and cons. The biggest advantage is that it makes it easy for him to defeat enemies -- which is essential because he lives in an alternate Japan that is constantly under attack by monsters -- but because it doesn't take long to throw a punch, easily vanquishing his foes leads to constant boredom.",https://youtu.be/Poo5lqoWSGw,/images/posters/One Punch Man.jpg,anime
Parasite,2019,"Cho Yeo Jeong, Choi Woo-shik, Park Seo-joon, Park So-dam, Jung Ji-so",Bong Joon-ho,drama,Greed and class discrimination threaten the newly formed symbiotic relationship between the wealthy Park family and the destitute Kim clan.,https://youtu.be/SEUXfv87Wpk,/images/posters/Parasite.jpg,movie
Prank Encounters,2019,"Gaten Matarazzo, David Storrs, Mary Gallagher, Olivia DeLaurentis, Sven Holmberg",Kevin Healey; Howard T. Owens; Ben Silverman; Rob Hyde; Gaten Matarazzo,comedy ,"Monstrous frights meet funny reveals as real people land in their own horror movie, and Gaten Matarazzo hosts the hidden-camera show.",https://youtu.be/kz32KVRZtvQ,/images/posters/Prank Encounters.jpg,series
Psycho-Pass,2012,"Kana Hanazawa, Tomokazu Seki, Miyuki Sawashiro, Kenji Nojima, Takahiro Sakurai","Naoyoshi Shiotani, Katsuyuki Motohiro",drama ,The adventures of Inspector Akane Tsunemori.,https://youtu.be/YzuJnyebc40,/images/posters/Psycho-Pass.jpg,anime
Ragnarok,2020,"Theresa Frostad Eggesbø, David Stakston, Herman Tømmeraas, Synnøve Macody Lund, Jonas Strand Gravli",Adam Price; Simen Alsvik; Marietta von Hausswolff von Baumgarten; Christian Gamst Miller-Harris; Jacob Katz Hansen,fantasy ,A small Norwegian town experiencing warm winters and violent downpours seems to be headed for another Ragnarok -- unless somebody intervenes in time.,https://youtu.be/7H9AaiBLHCo,/images/posters/Ragnarok.jpg,series
Rampo Kitan: Game of Laplace,2015,"Takahiro Sakurai, Rie Takahashi, Daiki Yamashita, Mai Nakahara, Katsuyuki Konishi",Seiji Kishi,mystery ,"The story begins at a middle school where the murder and dismemberment of a teacher has taken place. Kobayashi, a boy who goes to this school and the lead suspect in the case, meets the genius detective Akechi, who comes to the school to investigate. After being cleared of the crime, Kobayashi takes an interest in Akechi and, in spite of his friend Hashiba's worries, volunteers to be Akechi's assistant.",https://youtu.be/wksEHMkJZs0,/images/posters/Rampo Kitan- Game of Laplace.png,anime
Raya and the Last Dragon,2021,"Awkwafina, Kelly Marie Tran, Sandra Oh, Gemma Chan, Benedict Wong","Carlos López Estrada, Don Hall",fantasy,"Long ago, in the fantasy world of Kumandra, humans and dragons lived together in harmony. However, when sinister monsters known as the Druun threatened the land, the dragons sacrificed themselves to save humanity. Now, 500 years later, those same monsters have returned, and it's up to a lone warrior to track down the last dragon and stop the Druun for good.",https://youtu.be/1VIZ89FEjYI,/images/posters/Raya and the Last Dragon.jpg,movie
Reacher,2022,"Alan Ritchson, Malcolm Goodwin, Willa Fitzgerald, Hugh Thompson, Chris Webster","Norberto Barba, M.J. Bassett, Sam Hill, Omar Madha, Christine Moore, Lin Oeding, Stephen Surjik, Thomas Vincent",thriller ,Jack Reacher was arrested for murder and now the police need his help. Based on the books by Lee Child.,https://www.youtube.com/watch?v=GSycMV-_Csw,/images/posters/Reacher.jpg,series
Ready Player One,2018,"Tye Sheridan, Olivia Cooke, Mark Rylance, Win Morisaki, Ben Mendelsohn",Steven Spielberg,fantasy,"In 2045 the planet is on the brink of chaos and collapse, but people find salvation in the OASIS: an expansive virtual reality universe created by eccentric James Halliday. When Halliday dies, he promises his immense fortune to the first person to discover a digital Easter egg that's hidden somewhere in the OASIS. When young Wade Watts joins the contest, he finds himself becoming an unlikely hero in a reality-bending treasure hunt through a fantastical world of mystery, discovery and danger.",https://youtu.be/ixWL1BWi44U,/images/posters/Ready Player One.jpg,movie
Red Notice,2021,"Dwayne Johnson, Gal Gadot, Ryan Reynolds, Ritu Arya, Chris Diamantopoulos",Rawson Marshall Thurber,action,"In the world of international crime, an Interpol agent attempts to hunt down and capture the world's most wanted art thief.",https://youtu.be/Pj0wz7zu3Ms,/images/posters/Red Notice.jpg,movie
Restless,2022,"Franck Gastambide, Tracy Gotoas, Jemima West, Simon Abkarian, Michaël Abiteboul",Régis Blondeau,thriller ,"After going to extremes to cover up an accident, a corrupt cop's life spirals out of control when he starts receiving threats from a mysterious witness.",https://youtu.be/L8tCoWmooRE,/images/posters/Restless.jpg,movie
Riverdale,2017,"Lili Reinhart, Cole Sprouse, KJ Apa, Camila Mendes, Madelaine Petsch",J. B. Moranville,drama ,"Archie Andrews starts the school year with the world weighing on his shoulders. He's decided he wants to pursue a future in the music business, but his recently ended clandestine relationship with the music teacher has left him without a mentor, and his friendship with Jughead Jones is in a bad place. Things look like they might be turning around when Veronica Lodge, a new girl, arrives. Despite the instant chemistry, Veronica is hesitant to risk a friendship with Betty -- who has a crush on Archie -- to pursue anything. Amidst all the small-town banality lurks a mystery: the recent tragic death of Jason Blossom, the twin brother of beautiful and popular troublemaker, Cheryl.",https://youtu.be/HxtLlByaYTc,/images/posters/Riverdale.jpg,series
Roar,2022,"Merritt Wever, Betty Gilpin, Fivel Stewart, Alison Brie, Issa Rae",Anya Adams,comedy ,"Based on a book of short stories by Cecelia Ahern, this genre-bending anthology series weaves together eight darkly comedic feminist fables that take unexpected approaches to subjects like gender roles, autonomy and identity.",https://youtu.be/RK1OtUOdfi0,/images/posters/Roar.jpg,series
Scream,2022,"Mikey Madison, Neve Campbell, Jack Quaid, Dylan Minnette, Skeet Ulrich","Matt Bettinelli-Olpin, Tyler Gillett",horror ,"Twenty-five years after a streak of brutal murders shocked the quiet town of Woodsboro, Calif., a new killer dons the Ghostface mask and begins targeting a group of teenagers to resurrect secrets from the town's deadly past.",https://youtu.be/beToTslH17s,/images/posters/Scream.jpg,movie
Serial Experiments Lain,1998,"Kaori Shimizu, Shō Hayami, Ryūsuke Ōbayashi, Rei Igarashi, Yōko Asada",Ryūtarō Nakamura,mystery ,"Lain Iwakura, a junior high school girl, lives in suburban Japan with her middle-class family, consisting of her inexpressive older sister Mika, her emotionally distant mother, and her computer-obsessed father; Lain herself is somewhat awkward, introverted, and socially isolated from most of her school peers. The status-quo of her life becomes upturned by a series of bizarre incidents that start to take place after she learns that girls from her school have received an e-mail from a dead student, Chisa Yomoda, and she pulls out her old computer in order to check for the same message. Lain finds Chisa telling her via email that she is not dead but has merely ""abandoned her physical self"" and is alive deep within the virtual realm of the Wired itself, where she claims she has found ""God"" there. From this point, Lain is caught up in a series of cryptic and surreal events that see her delving deeper into the mystery of the network in a narrative that explores themes of consciousness, perception, and the nature of reality.",https://youtu.be/t5y4nQ5Y1V8,/images/posters/Serial Experiments Lain.jpg,anime
Shigurui,2007,"Daisuke Namikawa, Nozomu Sasaki, Yusaku Yara, Seizō Katō, Houko Kuwashima",Hiroshi Hamasaki,horror ,"The story begins in 1629 Shizuoka during Tokugawa Tadanaga's rule. The daimyō staged a tournament where the participants fought with real steel Japanese swords rather than bokken (""wooden sword""), against his vassals' strong objection. The story revolves around the first match between the one-armed swordsman Fujiki Gennosuke and the blind samurai Irako Seigen and deals with the circumstances that led the two to participate in Tokugawa's tournament.",https://youtu.be/XE8bImi0_GQ,/images/posters/Shigurui.jpg,anime
Spy x Family,2022,"Atsumi Tanezaki, Saori Hayami, Takuya Eguchi, Natsumi Fujiwara, Kensho Ono",Kazuhiro Furuhashi,action ,"In the bustling Ostanian city of Berlint, Twilight dons the alias of ""Loid Forger,"" an esteemed psychiatrist. However, his true intention is to gather intelligence on prominent politician Donovan Desmond, who only appears rarely in public at his sons' school: the prestigious Eden Academy. Enlisting the help of unmarried city hall clerk Yor Briar to act as his wife and adopting the curious six-year-old orphan Anya as his daughter, Loid enacts his master plan. He will enroll Anya in Eden Academy, where Loid hopes she will excel and give him the opportunity to meet Donovan without arousing suspicion.",https://www.youtube.com/watch?v=CCXLUQzuigw,/images/posters/Spy x Family.jpg,anime
Steins;Gate,2011,"Mamoru Miyano, Asami Imai, Kana Hanazawa, Tomokazu Seki, Yukari Tamura","Hiroshi Hamasaki, Takuya Satō",thriller ,"Steins;Gate is an adaptation of the visual novel of the same name. It is set in 2010 in Akihabara, Tokyo, and follows Rintaro Okabe, a self-proclaimed ""mad scientist"", who runs the ""Future Gadget Laboratory"" in an apartment together with his friends Mayuri Shiina and Itaru ""Daru"" Hashida. While attending a conference about time travel, Okabe finds the dead body of Kurisu Makise, a neuroscience researcher; he sends a text message about it to Daru and later discovers that Kurisu is alive and that the message arrived before he sent it.",https://youtu.be/uMYhjVwp0Fk,/images/posters/Steins;Gate.jpg,anime
Tamako Market,2013,"Aya Suzaki, Atsushi Tamaru, Juri Nagatsuma, Takumi Yamazaki, Yurie Yamashita",Naoko Yamada,comedy ,"Inside the Usagiyama Shopping District lies an eccentric but close-knit community of business owners. Tamako Kitashirakawa, a clumsy though adorable teenage girl, belongs to a family of mochi bakers who own a quaint shop called Tama-ya. One day, Tamako stumbles upon a talking bird that presents himself as royalty from a distant land. Dera Mochimazzi, as he calls himself, states that he’s seeking a bride for his country’s prince. Intent on his mission, Dera follows Tamako home and develops an addiction to mochi, becoming painfully overweight and subsequently unable to fly back to his homeland; thus, he takes up residence with Tamako's family and becomes the community’s beloved mascot.",https://www.youtube.com/watch?v=4J8tu0YghTY,/images/posters/Tamako Market.jpg,anime
The 100,2014,"Eliza Taylor, Bob Morley, Marie Avgeropoulos, Alycia Debnam-Carey, Lindsey Morgan","Bob Morley, Bharat Nalluri, Henry Ian Cusick, Ian Tracey",romance ,"When nuclear Armageddon destroys civilization on Earth, the only survivors are those on the 12 international space stations in orbit at the time. Three generations later, the 4,000 survivors living on a space ark of linked stations see their resources dwindle and face draconian measures established to ensure humanity's future. Desperately looking for a solution, the ark's leaders send 100 juvenile prisoners back to the planet to test its habitability. Having always lived in space, the exiles find the planet fascinating and terrifying, but with the fate of the human race in their hands, they must forge a path into the unknown.",https://youtu.be/aDrsItJ_HU4,/images/posters/The 100.jpg,series
The Big Bang Theory,2007,"Kaley Cuoco, Jim Parsons, Mayim Bialik, Melissa Rauch, Kunal Nayyar",Mark Cendrowski,comedy ,"Mensa-fied best friends and roommates Leonard and Sheldon, physicists who work at the California Institute of Technology, may be able to tell everybody more than they want to know about quantum physics, but getting through most basic social situations, especially ones involving women, totally baffles them. How lucky, then, that babe-alicious waitress/aspiring actress Penny moves in next door. Frequently seen hanging out with Leonard and Sheldon are friends and fellow Caltech scientists Wolowitz and Koothrappali. Will worlds collide? Does Einstein theorize in the woods?",https://www.youtube.com/watch?v=WBb3fojgW0Q,/images/posters/The Big Bang Theory.jpg,series
The Boys,2019,"Antony Starr, Karl Urban, Jack Quaid, Erin Moriarty, Jensen Ackles","Garth Ennis, Darick Robertson",action ,"Superheroes are often as popular as celebrities, as influential as politicians, and sometimes even as revered as gods. But that's when they're using their powers for good. What happens when the heroes go rogue and start abusing their powers? When it's the powerless against the super powerful, the Boys head out on a heroic quest to expose the truth about the Seven and Vought, the multibillion-dollar conglomerate that manages the superheroes and covers up their dirty secrets. Based on the comic book series of the same name.",https://youtu.be/tcrNsIaQkb4,/images/posters/The Boys.jpg,series
The Deep House,2021,"Camille Rowe, Carolina Massey, James Jagger, Alexis Servaes, Éric Savin","Alexandre Bustillo, Julien Maury",horror ,"While diving in a remote French lake, two YouTubers who specialize in underwater exploration videos discover a house submerged in deep waters. Their dive turns into a nightmare when they discover the house was the scene of atrocious crimes.",https://youtu.be/hgqjv1endGY,/images/posters/The Deep House.jpg,movie
The Dictator,2012,"Sacha Baron Cohen, Anna Faris, Megan Fox, Jason Mantzoukas, Nazanin Homa",Larry Charles,comedy,"Gen. Aladeen (Sacha Baron Cohen) has ruled the oil-rich North African country of Wadiya since the age of six, when 97 stray bullets and a hand grenade killed his father in a hunting accident. After an assassination attempt takes the life of yet another body-double, Tamir (Ben Kingsley), Aladeen's uncle and most trusted adviser, convinces Aladeen to go to New York. Unfortunately, Aladeen has a less-than-friendly reception from exiled Wadiyans, who want their country freed from his despotic rule.",https://youtu.be/cYplvwBvGA4,/images/posters/The Dictator.jpg,movie
The Fault in Our Stars,2014,"Ansel Elgort, Shailene Woodley, Nat Wolff, John Green, Laura Dern",Josh Boone,romance ,"Hazel Grace Lancaster (Shailene Woodley), a 16-year-old cancer patient, meets and falls in love with Gus Waters (Ansel Elgort), a similarly afflicted teen from her cancer support group. Hazel feels that Gus really understands her. They both share the same acerbic wit and a love of books, especially Grace's touchstone, ""An Imperial Affliction"" by Peter Van Houten. When Gus scores an invitation to meet the reclusive author, he and Hazel embark on the adventure of their brief lives.",https://youtu.be/9ItBvH5J6ss,/images/posters/The Fault in Our Stars.jpg,movie
The Flash,2014,"Grant Gustin, Candice Patton, Carlos Valdes, Tom Cavanagh, Danielle Panabaker",David Nutter; Gabrielle Stanton; Sarah Schechter; Aaron Helbing; Todd Helbing; Andrew Kreisberg; Greg Berlanti,action ,"At 11, Barry Allen's life changed completely when his mother died in a freak accident and his innocent father was convicted of her murder. Orphaned Barry later becomes Detective Joe West. Now a crime-scene investigator, his dedication to learn the truth about his mother's death drives him to follow up on every new scientific advancement and urban legend. When his latest obsession - a particle accelerator heralded as a world-changing invention - causes an explosion, it creates a freak storm and Barry is struck by lightning. He awakes from a coma nine months later with the power of superspeed. When he learns that others who have gained powers use them for evil, he dedicates himself to protecting the innocent, while still trying to solve the older mystery.",https://youtu.be/Yj0l7iGKh8g,/images/posters/The Flash.jpg,series
The Girl on the Train,2016,"Emily Blunt, Haley Bennett, Rebecca Ferguson, Justin Theroux, Luke Evans",Tate Taylor,mystery,"Commuter Rachel Watson (Emily Blunt) catches daily glimpses of a seemingly perfect couple, Scott and Megan, from the window of her train. One day, Watson witnesses something shocking unfold in the backyard of the strangers' home. Rachel tells the authorities what she thinks she saw after learning that Megan is now missing and feared dead. Unable to trust her own memory, the troubled woman begins her own investigation, while police suspect that Rachel may have crossed a dangerous line.",https://youtu.be/y5yk-HGqKmM,/images/posters/The Girl on the Train.jpg,movie
The Rain,2018,"Lucas Lynggaard Tønnesen, Alba August, Lukas Løkken, Clara Rosager, Mikkel Boe Følsgaard",Kenneth Kainz,thriller ,"The world as we know it has come to an end, due to a rain-carried virus that wiped out nearly everybody in Scandinavia. Six years after that event, two Danish siblings emerge from the safety of the bunker where they have been staying. After discovering all remnants of civilization gone, they join a group of fellow young survivors, and together they head out on a danger-filled quest throughout the abandoned land in search of signs of life. The survivors think they have been set free from societal rules of the past, but they quickly find that even in a post-apocalyptic world there is love, jealousy and other coming-of-age dilemmas that young people have always faced.",https://youtu.be/st6r-8mLW_o,/images/posters/The Rain.jpg,series
The Rising Of The Shield Hero,2019,"Billy Kametz, Brianna Knickerbocker, Asami Seto, Kaito Ishikawa, Natsuko Hara","Takao Abo, Masato Jinbo",fantasy ,"Naofumi Iwatani, an easygoing Japanese youth, was summoned into a parallel world along with three other young men from parallel universes to become the world's Cardinal Heroes and fight inter-dimensional hordes of monsters called Waves. Each of the heroes were respectively equipped with their own legendary equipment when summoned. Naofumi happened to receive the Legendary Shield, the sole defensive equipment, while the other heroes received respectively a sword, a spear, and a bow, weapons meant for attack. Unlike the other heroes who are fully supported by the kingdom and gain several strong allies each, Naofumi's luck turns to the worse after his single companion, revealed to be the kingdom's princess, betrays him, steals all his belongings, and leaves him devoid of all assistance and supplies after she falsely accuses him of sexually assaulting her.",https://youtu.be/9TIA-YVv4oA,/images/posters/The Rising Of The Shield Hero.jpg,anime
The Sound of Magic,2022,"Hwang In-Yeop, Ji Chang-wook, Choi Sung-eun, Ji Hye-won, Nam Da-reum",,drama ,A magician living in an abandoned theme park makes troubles disappear for a disenchanted teenager enduring harsh realities.,https://youtu.be/8N5KSMy62ps,/images/posters/The Sound of Magic.jpg,series
The Suicide Squad,2021,"Margot Robbie, Pete Davidson, John Cena, Daniela Melchior, Idris Elba",James Gunn,fantasy,"The government sends the most dangerous supervillains in the world -- Bloodsport, Peacemaker, King Shark, Harley Quinn and others -- to the remote, enemy-infused island of Corto Maltese. Armed with high-tech weapons, they trek through the dangerous jungle on a search-and-destroy mission, with only Col. Rick Flag on the ground to make them behave.",https://youtu.be/Z1EbSXxrZ34,/images/posters/The Suicide Squad.jpg,movie
The Unholy,2021,"Jeffrey Dean Morgan, Cricket Brown, Diogo Morgado, Marina Mazepa, Katie Aselton",Evan Spiliotopoulos,thriller ,"A girl inexplicably gains the power to heal the sick after a supposed visitation from the Virgin Mary. As word spreads and people flock to witness her miracles, a disgraced journalist visits the small New England town to investigate. However, when strange events start to occur, he soon wonders if these phenomena are the result of something more sinister.",https://youtu.be/NmQiJPLYzPI,/images/posters/The Unholy.jpg,movie
The Vow,2012,"Rachel McAdams, Channing Tatum, Jessica Lange, Scott Speedman, ",Michael Sucsy,romance ,"Paige (Rachel McAdams) and Leo (Channing Tatum) are happily married newlyweds, but their idyllic life together suddenly shatters when a car accident leaves her in a coma. When Paige awakes, she has severe memory loss and doesn't know Leo. She also has a confusing relationship with her parents (Sam Neill, Jessica Lange) and still harbors feelings for a former fiance (Scott Speedman). Despite these difficult obstacles, Leo is determined to renew their bond and rebuild their marriage.",https://youtu.be/PcL24s-S6ns,/images/posters/The Vow.jpg,movie
The Walking Dead: World Beyond,2020,"Alexa Mansour, Pollyanna McIntosh, Nico Tortorella, Annet Mahendru, Aliyah Royale",Scott M. Gimple; Matthew Negrete,horror ,"A group of teenagers sheltered from the dangers of the post-apocalyptic world receive a message that inspires them to leave the safety of the only home they have ever known and embark on a cross-country journey to save their father. Set in Nebraska 10 years after the zombie apocalypse, the limited series is the third television series in ""The Walking Dead"" franchise, and focuses on the first generation to come of age in the apocalypse. The teens struggle with their roles in the outside world; some will become heroes and others villains, but all of them will be changed forever.",https://youtu.be/raobZTVUwC0,/images/posters/The Walking Dead- World Beyond.jpg,series
The Witcher,2019,"Henry Cavill, Freya Allan, Anya Chalotra, Joey Batey, Anna Shaffer", Lauren Schmidt,action ,"The witcher Geralt, a mutated monster hunter, struggles to find his place in a world in which people often prove more wicked than beasts.",https://www.youtube.com/watch?v=ndl1W4ltcmg,/images/posters/The Witcher.jpg,series
Through My Window,2022,"Clara Galle, Julio Peña, Hugo Arbues, Guillermo Lasheras, Eric Masip",Marçal Forès,romance ,"Raquel has a longtime crush on her hot neighbour, Ares, whom she secretly watches but has never spoken to. Can she make Ares fall in love with her?",https://youtu.be/_zxhK3Z-R0c,/images/posters/Through My Window.jpg,movie
Titans,2018,"Teagan Croft, Anna Diop, Brenton Thwaites, Ryan Potter, Curran Walters",Akiva Goldsman; Geoff Johns; Greg Berlanti; Sarah Schechter; Greg Walker; John Fawcett; Richard Hatem,action ,"This gritty take on the ""Teen Titans"" franchise follows young heroes from across the DC Universe as they come of age and find where they belong. Dick Grayson and Rachel Roth, a special girl possessed by a strange darkness, get involved in a conspiracy that could bring Hell on Earth. Hot-headed Starfire and lovable Beast Boy join them along the way as together they become a surrogate family and team of heroes fighting evil.",https://youtu.be/iH44Z0QwrWQ,/images/posters/Titans.jpg,series
Tom Clancy's Jack Ryan,2018,"John Krasinski, Wendell Pierce, Abbie Cornish",Nazrin Choudhury; José Luis Ecolar; Robert Phillips,thriller ,"Author Tom Clancy introduced the character of Jack Ryan in a series of books before Ryan headed to the big screen in several films. Now the former U.S. Marine is featured in an episodic series for the first time, with John Krasinski portraying Ryan in this Amazon original thriller that centers on Ryan as an up-and-coming CIA analyst. He is thrust into a dangerous field assignment for the first time and uncovers a pattern in terrorist communication. That launches him into the middle of a dangerous gambit with a new breed of terrorism that threatens destruction on a global scale.",https://youtu.be/1KsyZF590NM,/images/posters/Tom Clancy's Jack Ryan.jpg,series
Tomorrow,2022,"Rowoon, Lee Soo-hyuk, Kim Hee-sun, Yoon Ji-on, Kang Seung-yoon",Kim Tae Yoon's,drama ,"Made half-human and half-spirit by accident, a young man is employed by grim reapers to carry out special missions.",https://youtu.be/zhmxDgBxGRk,/images/posters/Tomorrow.jpg,series
Trolls World Tour,2020,"Rachel Bloom, Anthony Ramos, Sam Rockwell, Jamie Dornan, Anna Kendrick",Walt Dohrn,comedy,"Poppy and Branch discover that there are six different troll tribes scattered over six different lands. Each tribe is also devoted to six different kinds of music -- funk, country, techno, classical, pop and rock. When rockers Queen Barb and King Thrash set out to destroy the other music, Poppy and Branch embark on a daring mission to unite the trolls and save the diverse melodies from becoming extinct.",https://youtu.be/yP86-TR6IME,/images/posters/Trolls World Tour.jpg,movie
Umma,2022,"Sandra Oh, Fivel Stewart, Odeya Rush, Dermot Mulroney, MeeWha Alana Lee",Iris Shim,horror ,A woman's quiet life on an American farm takes a terrifying turn when the remains of her estranged mother arrive from Korea.,https://youtu.be/QQdXvvtu-iI,/images/posters/Umma.jpg,movie
Un-Go,2011,"Kris Carr, Adam Gibbs, Hilary Haag, Emily Neves, Elizabeth Bunch",Shō Aikawa,mystery ,"Set in the near future, two detectives solve crimes in a war-ravaged Japan.",https://youtu.be/wKXlljzjXnk,/images/posters/Un-Go.jpg,anime
Unknown,2011,"Liam Neeson, Diane Kruger, January Jones, Aidan Quinn, Bruno Ganz",Jaume Collet-Serra,mystery,"After a serious car accident in Berlin, Dr. Martin Harris (Liam Neeson) awakes to find his world in utter chaos. His wife (January Jones) does not recognize him; another man is using his identity, and mysterious assassins are hunting him. The authorities do not believe his claims, and he must go on the run alone. With an unlikely ally (Diane Kruger), Martin leaps into a perplexing situation that will force him to discover how far he is willing to go for the truth.",https://youtu.be/vSXUgkCjdBM,/images/posters/Unknown.jpg,movie
Vampire Princess Miyu,1997,"Miki Nagasawa, Megumi Ogata, Chiharu Tezuka, Kokoro Shindô, Shin'ichirô Miki",Hirano Toshiki,horror ,"A quiet gothic horror story about a vampire girl, Miyu, whose destiny it is to hunt down murderous demons known as Shinma and return them to their land of origin, the Dark. Miyu is pursued by the Spiritualist Himiko, determined to find out who Miyu is and to stop her from sucking the life blood from helpless humans. Each of the four episodes chronicle one of Miyu's encounters with a Shinma and the humans that it is affecting, from the perspective of Himiko's pursuit of Miyu.",https://www.youtube.com/watch?v=LxQ5LGg8Dy0,/images/posters/Vampire Princess Miyu.jpg,anime
Violet Evergarden,2018,"Yui Ishikawa, Daisuke Namikawa, Kouki Uchiyama, Aya Endou, Takehito Koyasu",Taichi Ishidate,romance ,"The Great War finally came to an end after four long years of conflict; fractured in two, the continent of Telesis slowly began to flourish once again. Caught up in the bloodshed was Violet Evergarden, a young girl raised for the sole purpose of decimating enemy lines. Hospitalized and maimed in a bloody skirmish during the War's final leg, she was left with only words from the person she held dearest, but with no understanding of their meaning.",https://www.youtube.com/watch?v=tDQikXz4N00,/images/posters/Violet Evergarden.jpg,anime
Young Royals,2021,"Edvin Ryding, Omar Rudberg, Malte Gårdinger, Nikita Uggla, Frida Argento",Rojda Sekersöz,romance ,"Prince Wilhelm adjusts to life at his prestigious new boarding school, but following his heart proves move challenging than anticipated.",https://youtu.be/rHmw87EpGIM,/images/posters/Young Royals.jpg,series